idvariant,variant_kode,variant_nama,variant_harga,variant_stock,variant_date,variant_author,variant_ls_stock,variant_ls_date,variant_ls_author
39,"ALR","ALR WOMAN",2.5000000000000000e+03,2.1190000000000001e+02,"2007-05-10","OLLA",8.7759500000000000e+04,"2007-03-28","admin"
40,"ARW","ARW WOMAN",2.5000000000000000e+03,2.0800000000000000e+02,"2007-05-10","OLLA",8.7798500000000000e+04,"2007-03-28","admin"
41,"ATM","ATM WOMAN",2.5000000000000000e+03,2.3600000000000000e+02,"2007-05-10","OLLA",2.7977500000000000e+04,"2007-03-28","admin"
42,"AVE","AVE WOMAN",3.0000000000000000e+03,3.0000000000000000e+02,"2007-05-10","OLLA",8.5731500000000000e+04,"2007-03-28","admin"
44,"BDS","BDS WOMAN",2.5000000000000000e+03,2.0799999999999997e+01,"2007-05-10","OLLA",2.3468000000000000e+04,"2007-03-28","admin"
46,"BLW","BLW WOMAN",2.5000000000000000e+03,2.6900000000000000e+02,"2007-05-10","OLLA",2.5642500000000000e+04,"2007-03-28","admin"
47,"CDN","CDN WOMAN",2.0000000000000000e+03,2.9000000000000000e+02,"2007-05-10","OLLA",3.0937500000000000e+04,"2007-03-28","admin"
48,"CHH","CHH WOMAN",2.5000000000000000e+03,3.0000000000000000e+02,"2007-05-10","OLLA",2.8644500000000000e+04,"2007-03-28","admin"
49,"CRS","CRS WOMAN",2.5000000000000000e+03,1.8619999999999999e+02,"2007-05-10","OLLA",2.3576500000000000e+04,"2007-03-28","admin"
50,"CWW","CWW WOMAN",2.5000000000000000e+03,2.0700000000000000e+02,"2007-05-10","OLLA",7.9425000000000000e+04,"2007-03-28","admin"
51,"C5","C5 WOMAN",2.5000000000000000e+03,2.7300000000000000e+02,"2007-05-10","OLLA",2.9052500000000000e+04,"2007-03-28","admin"
52,"DNW","DNW WOMAN",2.5000000000000000e+03,2.4280000000000001e+02,"2007-05-10","OLLA",2.8370000000000000e+04,"2007-03-28","admin"
53,"ECW","ECW WOMAN",2.5000000000000000e+03,2.6900000000000000e+02,"2007-05-10","OLLA",2.9445000000000000e+04,"2007-03-28","admin"
54,"EDC","EDC WOMAN",2.5000000000000000e+03,2.1100000000000000e+02,"2007-05-10","OLLA",3.0937000000000000e+04,"2007-03-28","admin"
55,"ENV","ENV WOMAN",2.5000000000000000e+03,1.9900000000000000e+02,"2007-03-28","admin",0.0000000000000000e+00,"2007-03-28","admin"
56,"ETW","ETW WOMAN",2.5000000000000000e+03,1.9200000000000000e+02,"2007-05-10","OLLA",6.0390500000000000e+04,"2007-03-28","admin"
57,"EXO","EXO WOMAN",3.0000000000000000e+03,1.7619999999999999e+02,"2007-05-10","OLLA",7.6342500000000000e+04,"2007-03-28","admin"
58,"FTY","FTY WOMAN",2.5000000000000000e+03,1.2780000000000001e+02,"2007-05-10","OLLA",6.0449500000000000e+04,"2007-03-28","admin"
59,"GT","GT WOMAN",2.5000000000000000e+03,7.6200000000000017e+01,"2007-05-10","OLLA",6.0181000000000000e+04,"2007-03-28","admin"
60,"GLW","GLW WOMAN",2.5000000000000000e+03,3.6860000000000002e+02,"2007-05-10","OLLA",2.7585000000000000e+04,"2007-03-28","admin"
61,"BDR","BDR WOMAN",2.5000000000000000e+03,2.6200000000000000e+02,"2007-05-10","OLLA",2.1018000000000000e+04,"2007-03-28","admin"
63,"ISW","ISW WOMAN",2.5000000000000000e+03,1.6540000000000001e+02,"2007-05-10","OLLA",5.7014500000000000e+04,"2007-03-28","admin"
64,"KIS","KIS WOMAN",2.5000000000000000e+03,1.4939999999999998e+02,"2007-05-10","OLLA",5.5131500000000000e+04,"2007-03-28","admin"
65,"KD","KD WOMAN",2.5000000000000000e+03,1.8060000000000002e+02,"2007-05-10","OLLA",8.2301500000000000e+04,"2007-03-28","admin"
66,"KF","KF WOMAN",2.5000000000000000e+03,3.0000000000000000e+02,"2007-05-10","OLLA",1.0989500000000000e+04,"2007-03-28","admin"
68,"LIP","LIP WOMAN",2.0000000000000000e+03,2.8000000000000000e+02,"2007-05-10","OLLA",6.0701500000000000e+04,"2007-03-28","admin"
69,"LVE","LVE WOMAN",2.5000000000000000e+03,1.7800000000000000e+02,"2007-05-10","OLLA",2.2000000000000000e+02,"2007-05-10","OLLA"
71,"OMN","OMN WOMAN",2.5000000000000000e+03,2.9100000000000000e+02,"2007-05-10","OLLA",8.9102500000000000e+04,"2007-03-28","admin"
72,"PHW","PHW WOMAN",2.5000000000000000e+03,2.1539999999999998e+02,"2007-05-10","OLLA",3.3984000000000000e+04,"2007-03-28","admin"
73,"PLS","PLS WOMAN",2.5000000000000000e+03,3.0000000000000000e+02,"2007-05-10","OLLA",7.9641000000000000e+04,"2007-03-28","admin"
74,"PRJ","PRJ WOMAN",2.5000000000000000e+03,2.2500000000000000e+02,"2007-05-10","OLLA",6.0595500000000000e+04,"2007-03-28","admin"
75,"PRP","PRP WOMAN",2.0000000000000000e+03,1.3700000000000000e+02,"2007-05-10","OLLA",4.6150000000000000e+03,"2007-03-28","admin"
77,"SD","SD WOMAN",2.5000000000000000e+03,2.3000000000000000e+02,"2007-05-10","OLLA",7.3135500000000000e+04,"2007-03-28","admin"
78,"SGT","SGT WOMAN",2.5000000000000000e+03,2.5100000000000000e+02,"2007-05-10","OLLA",3.8864000000000000e+04,"2007-03-28","admin"
79,"SMS","SMS WOMAN",3.0000000000000000e+03,1.7569999999999999e+02,"2007-05-10","OLLA",2.0916000000000000e+04,"2007-03-28","admin"
80,"SNW","SNW WOMAN",2.0000000000000000e+03,2.6500000000000000e+02,"2007-05-10","OLLA",5.9084000000000000e+04,"2007-03-28","admin"
81,"STL","STL WOMAN",2.5000000000000000e+03,4.0540000000000003e+02,"2007-05-10","OLLA",1.4898500000000000e+04,"2007-03-28","admin"
82,"SXY","SXY WOMAN",2.5000000000000000e+03,2.6100000000000000e+02,"2007-05-10","OLLA",7.5872500000000000e+04,"2007-03-28","admin"
83,"TOP","TOP WOMAN",2.0000000000000000e+03,1.4800000000000000e+02,"2007-05-10","OLLA",5.9148500000000000e+04,"2007-03-28","admin"
84,"TRB","TRB WOMAN",2.0000000000000000e+03,2.5000000000000000e+02,"2007-05-10","OLLA",3.0087000000000000e+04,"2007-03-28","admin"
85,"TRS","TRS WOMAN",2.5000000000000000e+03,2.3650000000000000e+02,"2007-05-10","OLLA",5.9735000000000000e+04,"2007-03-28","admin"
86,"TRU","TRU WOMAN",2.0000000000000000e+03,1.0700000000000000e+02,"2007-05-10","OLLA",2.7162500000000000e+04,"2007-03-28","admin"
87,"VNL","VNL WOMAN",2.5000000000000000e+03,2.3100000000000000e+02,"2007-05-10","OLLA",3.0920500000000000e+04,"2007-03-28","admin"
88,"WMW","WMW WOMAN",3.0000000000000000e+03,2.0400000000000000e+02,"2007-05-10","OLLA",7.5989500000000000e+04,"2007-03-28","admin"
89,"222W","222 WOMAN",2.5000000000000000e+03,1.6480000000000001e+02,"2007-05-10","OLLA",9.0680000000000007e+01,"2007-03-28","admin"
90,"BLA","BLA U",3.0000000000000000e+03,5.5000000000000000e+02,"2007-05-10","OLLA",9.9250000000000000e+03,"2007-03-28","admin"
91,"SA","SA U",2.5000000000000000e+03,5.9500000000000000e+01,"2007-05-10","OLLA",2.6196500000000000e+04,"2007-03-28","admin"
92,"CK","CK U",2.5000000000000000e+03,2.4300000000000000e+02,"2007-05-10","OLLA",5.5345000000000000e+04,"2007-03-28","admin"
405,"KLW","KLW",2.5000000000000000e+03,2.5780000000000001e+02,"2016-01-21","YUNI",0.0000000000000000e+00,"2016-01-21","YUNI"
93,"CKS","CKS U",2.0000000000000000e+03,1.4650000000000000e+02,"2007-05-10","OLLA",2.9864000000000000e+04,"2007-03-28","admin"
94,"CKB","CKB U",2.5000000000000000e+03,1.8680000000000001e+02,"2007-05-10","OLLA",2.9428500000000000e+04,"2007-03-28","admin"
95,"LB","LB U",2.5000000000000000e+03,1.1119999999999999e+02,"2007-05-10","OLLA",2.9160000000000000e+04,"2007-03-28","admin"
96,"LMN","LMN OTHER",2.0000000000000000e+03,1.9750000000000000e+02,"2007-05-10","OLLA",8.0000000000000000e+01,"2007-05-10","OLLA"
97,"SGS","SGS U",2.0000000000000000e+03,2.2100000000000000e+02,"2007-05-10","OLLA",1.9487500000000000e+04,"2007-03-28","admin"
99,"APL","APL OTHER",2.0000000000000000e+03,2.8300000000000000e+02,"2007-05-10","OLLA",9.4780000000000000e+03,"2007-03-28","admin"
100,"MRK","MRK U",2.0000000000000000e+03,3.4500000000000000e+01,"2007-05-10","OLLA",1.0970000000000000e+04,"2007-03-28","admin"
101,"JSM","JSM OTHER",2.0000000000000000e+03,2.7500000000000000e+02,"2007-05-10","OLLA",2.5339000000000000e+04,"2007-03-28","admin"
102,"LUX","LUX U",2.0000000000000000e+03,2.2500000000000000e+02,"2007-05-10","OLLA",2.8014500000000000e+04,"2007-03-28","admin"
103,"MLN","MLN U",2.0000000000000000e+03,1.0000000000000000e+02,"2007-05-10","OLLA",1.1000000000000000e+04,"2007-03-28","admin"
104,"ORG","ORG OTHER",2.0000000000000000e+03,8.1000000000000000e+01,"2007-05-10","OLLA",1.1000000000000000e+04,"2007-03-28","admin"
105,"STW","STW OTHER",2.0000000000000000e+03,8.7000000000000000e+01,"2007-05-10","OLLA",2.9985000000000000e+04,"2007-03-28","admin"
106,"CDL","CDL U",2.0000000000000000e+03,1.9700000000000000e+02,"2007-05-10","OLLA",1.0985000000000000e+04,"2007-03-28","admin"
107,"CSN","CSN U",2.0000000000000000e+03,2.4700000000000000e+02,"2007-05-10","OLLA",9.0210000000000000e+04,"2007-03-28","admin"
108,"AMB","AMB OTHER",2.0000000000000000e+03,4.8000000000000000e+01,"2007-05-10","OLLA",9.0960000000000000e+04,"2007-03-28","admin"
110,"ALS","ALS MAN",2.5000000000000000e+03,2.2800000000000000e+02,"2007-05-10","OLLA",4.9131500000000000e+04,"2007-03-28","admin"
111,"AQL","AQL MAN",2.5000000000000000e+03,2.5900000000000000e+02,"2007-05-10","OLLA",1.0499500000000000e+04,"2007-03-28","admin"
112,"ARM","ARM MAN",2.5000000000000000e+03,2.3480000000000001e+02,"2007-05-10","OLLA",8.2361000000000000e+04,"2007-03-28","admin"
113,"BBC","BBC MAN",3.0000000000000000e+03,2.7900000000000000e+02,"2007-05-10","OLLA",3.9985000000000002e+02,"2007-03-28","admin"
115,"BJV","BJV MAN",2.5000000000000000e+03,1.4580000000000001e+02,"2007-05-10","OLLA",5.6045500000000000e+04,"2007-03-28","admin"
116,"BLE","BLE MAN",3.0000000000000000e+03,7.7550000000000000e+02,"2007-05-10","OLLA",2.7757000000000000e+04,"2007-03-28","admin"
117,"BLM","BLM MAN",2.5000000000000000e+03,2.3960000000000002e+02,"2007-05-10","OLLA",8.8817500000000000e+04,"2007-03-28","admin"
118,"BSM","BSM MAN",2.5000000000000000e+03,2.0640000000000001e+02,"2007-05-10","OLLA",4.8387500000000000e+04,"2007-03-28","admin"
119,"BSC","BSC MAN",3.0000000000000000e+03,3.0000000000000000e+02,"2007-05-10","OLLA",2.3652000000000000e+04,"2007-03-28","admin"
120,"BST","BST MAN",2.0000000000000000e+03,9.8000000000000000e+01,"2007-05-10","OLLA",2.5627500000000000e+04,"2007-03-28","admin"
122,"BRT","BRT MAN",2.5000000000000000e+03,2.1150000000000000e+02,"2007-05-10","OLLA",3.0235000000000000e+04,"2007-03-28","admin"
123,"BXS","BXS MAN",2.0000000000000000e+03,2.5000000000000000e+02,"2007-05-10","OLLA",8.6437000000000000e+04,"2007-03-28","admin"
124,"CDM","CDM MAN",2.5000000000000000e+03,1.9450000000000000e+02,"2007-05-10","OLLA",3.0317500000000000e+04,"2007-03-28","admin"
126,"CRV","CRV MAN",2.0000000000000000e+03,2.4000000000000000e+02,"2007-05-10","OLLA",2.8930000000000000e+04,"2007-03-28","admin"
127,"CUK","CUK MAN",2.0000000000000000e+03,2.2100000000000000e+02,"2007-05-10","OLLA",5.0066000000000000e+04,"2007-03-28","admin"
128,"CWM","CWM MAN",2.5000000000000000e+03,3.0000000000000000e+02,"2007-05-10","OLLA",8.0080000000000000e+04,"2007-03-28","admin"
129,"DCL","DCL MAN",3.0000000000000000e+03,1.2769999999999999e+02,"2007-05-10","OLLA",2.9155000000000000e+04,"2007-03-28","admin"
131,"DDR","DDR MAN",2.5000000000000000e+03,2.1280000000000001e+02,"2007-05-10","OLLA",5.5888500000000000e+04,"2007-03-28","admin"
132,"DRC","DRC MAN",2.0000000000000000e+03,1.7550000000000000e+02,"2007-05-09","admin",3.0807000000000000e+04,"2007-03-28","admin"
133,"DKK","DKK MAN",2.5000000000000000e+03,2.2000000000000000e+02,"2007-05-10","OLLA",5.2356500000000000e+04,"2007-03-28","admin"
134,"DRK","DRK MAN",2.5000000000000000e+03,2.7900000000000000e+02,"2007-05-10","OLLA",8.4861000000000000e+04,"2007-03-28","admin"
135,"ECH","ECH MAN",2.5000000000000000e+03,1.4000000000000000e+02,"2007-05-10","OLLA",2.5781500000000000e+04,"2007-03-28","admin"
136,"ECM","ECM MAN",2.5000000000000000e+03,2.2480000000000001e+02,"2007-05-10","OLLA",3.5000000000000000e+02,"2007-05-10","OLLA"
137,"EGS","EGS MAN",2.5000000000000000e+03,2.4200000000000000e+02,"2007-05-10","OLLA",4.0893500000000000e+04,"2007-03-28","admin"
138,"EST","EST MAN",2.0000000000000000e+03,1.9850000000000000e+02,"2007-05-10","OLLA",2.5911000000000000e+04,"2007-03-28","admin"
139,"ETM","ETM MAN",2.5000000000000000e+03,2.0800000000000000e+02,"2007-05-10","OLLA",7.3630500000000000e+04,"2007-03-28","admin"
140,"EXT","EXT MAN",2.5000000000000000e+03,3.6639999999999998e+02,"2007-05-10","OLLA",2.9250000000000000e+02,"2007-05-09","admin"
141,"FHR","FHR MAN",2.0000000000000000e+03,2.0700000000000000e+02,"2007-05-10","OLLA",2.7386000000000000e+04,"2007-03-28","admin"
142,"FRB","FRB MAN",2.0000000000000000e+03,2.5500000000000000e+02,"2007-05-10","OLLA",5.8605500000000000e+04,"2007-03-28","admin"
143,"INM","INM MAN",2.5000000000000000e+03,2.7880000000000001e+02,"2007-05-10","OLLA",5.5228500000000000e+04,"2007-03-28","admin"
144,"JSS","JSS MAN",2.0000000000000000e+03,2.2950000000000000e+02,"2007-05-10","OLLA",2.9824000000000000e+04,"2007-03-28","admin"
145,"JGB","JGB MAN",3.0000000000000000e+03,2.6200000000000000e+02,"2007-05-10","OLLA",5.1669500000000000e+04,"2007-03-28","admin"
146,"KLM","KLM MAN",2.5000000000000000e+03,1.7400000000000000e+02,"2007-05-10","OLLA",3.9866000000000000e+04,"2007-03-28","admin"
147,"KB","KB MAN",2.5000000000000000e+03,4.0000000000000000e+01,"2007-05-10","OLLA",2.2000000000000000e+02,"2007-05-10","OLLA"
148,"NTE","NTE MAN",2.0000000000000000e+03,1.9200000000000000e+02,"2007-05-10","OLLA",7.8736000000000000e+04,"2007-03-28","admin"
150,"PSM","PSM MAN",2.0000000000000000e+03,2.3400000000000000e+02,"2007-05-09","admin",7.7435000000000000e+04,"2007-03-28","admin"
151,"RUG","RUG MAN",2.5000000000000000e+03,2.6719999999999999e+02,"2007-05-10","OLLA",3.0862000000000000e+04,"2007-03-28","admin"
152,"SNT","SNT MAN",2.5000000000000000e+03,1.5519999999999999e+02,"2007-05-10","OLLA",3.5650000000000000e+04,"2007-03-28","admin"
153,"SOL","SOL MAN",2.5000000000000000e+03,1.6420000000000002e+02,"2007-05-10","OLLA",5.1010000000000000e+04,"2007-03-28","admin"
154,"X3","X3 MAN",3.0000000000000000e+03,3.0000000000000000e+02,"2007-05-10","OLLA",5.6996000000000000e+04,"2007-03-28","admin"
155,"222","222 MAN",3.0000000000000000e+03,2.8250000000000000e+02,"2007-05-10","OLLA",3.8682900000000001e+04,"2007-03-28","admin"
156,"SLM","SLM MAN",3.0000000000000000e+03,0.0000000000000000e+00,"2007-05-10","OLLA",2.0948000000000000e+04,"2007-03-28","admin"
158,"ACD","ACD WOMAN",2.5000000000000000e+03,2.3400000000000000e+02,"2007-05-10","OLLA",2.5500000000000000e+02,"2007-03-31","admin"
159,"RIR","RIR WOMAN",2.5000000000000000e+03,2.0200000000000000e+02,"2007-05-10","OLLA",1.9950000000000000e+02,"2007-03-31","admin"
160,"BLD","BLD WOMAN",2.5000000000000000e+03,2.0700000000000000e+02,"2007-05-10","OLLA",1.7750000000000000e+02,"2007-03-31","admin"
161,"BPS","BPS WOMAN",2.5000000000000000e+03,2.2900000000000000e+02,"2007-03-31","admin",0.0000000000000000e+00,"2007-03-31","admin"
162,"MGT","MGT WOMAN",2.5000000000000000e+03,2.4100000000000000e+02,"2007-03-31","admin",0.0000000000000000e+00,"2007-03-31","admin"
163,"ADW","ADW WOMAN",2.5000000000000000e+03,1.6250000000000000e+02,"2007-05-10","OLLA",1.7000000000000000e+02,"2007-03-31","admin"
43,"BBL","BBL WOMAN",2.5000000000000000e+03,2.1160000000000002e+02,"2007-05-10","OLLA",1.1752500000000000e+04,"2007-03-28","admin"
76,"RSH","RSH WOMAN",2.5000000000000000e+03,3.8000000000000000e+01,"2007-05-10","OLLA",3.0949000000000000e+04,"2007-03-28","admin"
98,"GUM","GUM OTHER",2.0000000000000000e+03,2.5450000000000000e+02,"2007-05-10","OLLA",8.9872500000000000e+04,"2007-03-28","admin"
121,"BTL","BTL MAN",2.5000000000000000e+03,2.0600000000000000e+02,"2007-05-10","OLLA",4.9707500000000000e+04,"2007-03-28","admin"
114,"BDS-M","BDS-M MAN",2.0000000000000000e+03,1.8200000000000000e+02,"2007-05-10","OLLA",3.0955000000000000e+04,"2007-03-28","admin"
45,"BFM","BFM WOMAN",2.0000000000000000e+03,0.0000000000000000e+00,"2007-05-10","OLLA",2.9464000000000000e+04,"2007-03-28","admin"
125,"CHM","CHM MAN",2.5000000000000000e+03,4.9400000000000000e+02,"2007-05-10","OLLA",3.9539999999999998e+02,"2007-03-28","admin"
62,"ICM","ICM WOMAN",2.0000000000000000e+03,3.0000000000000000e+02,"2007-05-10","OLLA",5.4831000000000000e+04,"2007-03-28","admin"
70,"MGL","MGL WOMAN",2.5000000000000000e+03,1.9300000000000000e+02,"2007-05-10","OLLA",3.0976000000000000e+04,"2007-03-28","admin"
222,"DFS","DFS MAN",2.0000000000000000e+03,2.2900000000000000e+02,"2008-03-27","OLLA",0.0000000000000000e+00,"2008-03-27","OLLA"
403,"LIL","LIL WOMEN",2.5000000000000000e+03,4.1200000000000000e+02,"2015-12-24","OLLA",0.0000000000000000e+00,"2015-12-24","OLLA"
109,"ADM","ADM MAN",2.5000000000000000e+03,1.9580000000000001e+02,"2007-05-10","OLLA",4.3210099999999999e+04,"2007-03-28","admin"
149,"PGM","PGM MAN",2.5000000000000000e+03,2.2119999999999999e+02,"2007-05-10","OLLA",3.0916000000000000e+04,"2007-03-28","admin"
165,"CWG","CWG WOMAN",2.0000000000000000e+03,2.0000000000000000e+02,"2007-05-10","OLLA",3.0000000000000000e+02,"2007-05-02","admin"
166,"ETS","ETS WOMAN",2.0000000000000000e+03,2.1800000000000000e+02,"2007-05-10","OLLA",3.0000000000000000e+02,"2007-05-02","admin"
167,"EPH","EPH WOMAN",2.0000000000000000e+03,2.6450000000000000e+02,"2007-05-10","OLLA",2.8350000000000000e+02,"2007-05-02","admin"
168,"CRL","CRL WOMAN",2.5000000000000000e+03,5.5000000000000000e+00,"2007-05-10","OLLA",3.0000000000000000e+02,"2007-05-02","admin"
169,"LVD","LVD U",2.5000000000000000e+03,1.9600000000000000e+02,"2007-05-10","OLLA",3.0000000000000000e+02,"2007-05-02","admin"
170,"PBL","PBL MAN",2.0000000000000000e+03,2.4450000000000000e+02,"2007-05-10","OLLA",2.8500000000000000e+02,"2007-05-02","admin"
171,"DVB","DVB MAN",2.5000000000000000e+03,1.5800000000000000e+02,"2007-05-10","OLLA",3.0000000000000000e+02,"2007-05-10","OLLA"
172,"LBQ","LBQ WOMAN",2.0000000000000000e+03,2.1100000000000000e+02,"2007-05-10","OLLA",2.9250000000000000e+02,"2007-05-02","admin"
173,"LVL","LVL WOMAN",2.5000000000000000e+03,3.9019999999999999e+02,"2007-05-10","OLLA",0.0000000000000000e+00,"2007-05-10","OLLA"
174,"PHM","PHM MAN",2.5000000000000000e+03,1.5140000000000001e+02,"2007-05-10","OLLA",0.0000000000000000e+00,"2007-05-10","OLLA"
175,"CWT","CWT WOMAN",2.5000000000000000e+03,3.0000000000000000e+02,"2007-06-17","OLLA",0.0000000000000000e+00,"2007-06-17","OLLA"
176,"MLG","MLG U",2.5000000000000000e+03,1.3100000000000000e+02,"2007-06-17","OLLA",0.0000000000000000e+00,"2007-06-17","OLLA"
223,"CSA","CSA MAN",2.5000000000000000e+03,2.4000000000000000e+02,"2008-03-29","OLLA",0.0000000000000000e+00,"2008-03-29","OLLA"
224,"OPM","OPM MAN",2.5000000000000000e+03,2.5480000000000001e+02,"2008-04-02","YUNI",0.0000000000000000e+00,"2008-04-02","YUNI"
225,"CVT","CVT WOMAN",2.0000000000000000e+03,2.2350000000000000e+02,"2008-04-02","YUNI",0.0000000000000000e+00,"2008-04-02","YUNI"
226,"CTW","CTW WOMAN",2.5000000000000000e+03,2.7519999999999999e+02,"2008-04-02","YUNI",0.0000000000000000e+00,"2008-04-02","YUNI"
227,"TRO","TRO WOMAN",2.0000000000000000e+03,2.3400000000000000e+02,"2008-04-02","YUNI",0.0000000000000000e+00,"2008-04-02","YUNI"
228,"TOX","TOX MAN",2.5000000000000000e+03,2.0600000000000000e+02,"2008-04-14","YUNI",0.0000000000000000e+00,"2008-04-14","YUNI"
229,"MBI","MBI MAN",3.0000000000000000e+03,1.9359999999999999e+02,"2008-05-03","YUNI",0.0000000000000000e+00,"2008-05-03","YUNI"
230,"EXP","EXP MAN",2.0000000000000000e+03,2.5200000000000000e+02,"2008-05-03","YUNI",0.0000000000000000e+00,"2008-05-03","YUNI"
231,"BCV","BCV WOMAN",2.5000000000000000e+03,4.1800000000000000e+02,"2008-05-04","YUNI",0.0000000000000000e+00,"2008-05-04","YUNI"
232,"MRC","MRC WOMAN",2.5000000000000000e+03,2.6450000000000000e+02,"2008-05-04","OLLA",0.0000000000000000e+00,"2008-05-04","OLLA"
409,"AQ-1","AQ-1 UNISEX",4.0000000000000000e+03,3.0250000000000000e+02,"2016-05-14","OLLA",0.0000000000000000e+00,"2016-05-14","OLLA"
177,"PBU","PBU MAN",2.5000000000000000e+03,2.7200000000000000e+02,"2007-06-19","OLLA",0.0000000000000000e+00,"2007-06-19","OLLA"
178,"H2O","H2O MAN",2.5000000000000000e+03,3.0000000000000000e+02,"2007-06-19","OLLA",0.0000000000000000e+00,"2007-06-19","OLLA"
179,"SWH","SWH WOMAN",2.5000000000000000e+03,4.3000000000000000e+02,"2007-06-19","OLLA",0.0000000000000000e+00,"2007-06-19","OLLA"
180,"DLG","DLG WOMAN",2.5000000000000000e+03,2.7600000000000000e+02,"2007-06-19","OLLA",0.0000000000000000e+00,"2007-06-19","OLLA"
181,"LLX","LLX WOMAN",2.5000000000000000e+03,2.8000000000000000e+02,"2007-07-18","YUNI",0.0000000000000000e+00,"2007-07-18","YUNI"
182,"HYP","HYP WOMAN",2.5000000000000000e+03,2.4000000000000000e+02,"2007-07-31","OLLA",0.0000000000000000e+00,"2007-07-31","OLLA"
183,"BED","BED MAN",2.5000000000000000e+03,2.7000000000000000e+02,"2007-08-06","OLLA",0.0000000000000000e+00,"2007-08-06","OLLA"
184,"HGR","HGR WOMAN",2.5000000000000000e+03,8.2500000000000000e+01,"2007-08-18","OLLA",0.0000000000000000e+00,"2007-08-18","OLLA"
185,"UVW","UVW WOMAN",2.5000000000000000e+03,2.0700000000000000e+02,"2007-08-21","OLLA",0.0000000000000000e+00,"2007-08-21","OLLA"
186,"ISM","ISM MAN",3.0000000000000000e+03,1.9300000000000000e+02,"2007-08-21","OLLA",0.0000000000000000e+00,"2007-08-21","OLLA"
187,"LGL","LGL WOMAN",2.0000000000000000e+03,1.4800000000000000e+02,"2007-08-21","OLLA",0.0000000000000000e+00,"2007-08-21","OLLA"
188,"SHW","SHW WOMAN",2.0000000000000000e+03,2.4300000000000000e+02,"2007-08-24","YUNI",0.0000000000000000e+00,"2007-08-24","YUNI"
189,"SHM","SHM MAN",2.0000000000000000e+03,1.6600000000000000e+02,"2007-08-24","YUNI",0.0000000000000000e+00,"2007-08-24","YUNI"
190,"CCW","CCW WOMAN",2.5000000000000000e+03,1.9200000000000000e+02,"2007-08-24","YUNI",0.0000000000000000e+00,"2007-08-24","YUNI"
191,"BRS","BRS WOMAN",2.5000000000000000e+03,1.6200000000000000e+02,"2007-08-24","YUNI",0.0000000000000000e+00,"2007-08-24","YUNI"
192,"AAM","AAM MAN",2.5000000000000000e+03,2.4850000000000000e+02,"2007-08-24","YUNI",0.0000000000000000e+00,"2007-08-24","YUNI"
193,"BPH","BPH MAN",2.0000000000000000e+03,2.3300000000000000e+02,"2007-09-04","OLLA",0.0000000000000000e+00,"2007-09-04","OLLA"
194,"BBW","BBW WOMAN",2.5000000000000000e+03,2.7900000000000000e+02,"2007-10-06","OLLA",0.0000000000000000e+00,"2007-10-06","OLLA"
195,"CDW","CDW WOMAN",2.0000000000000000e+03,2.5450000000000000e+02,"2007-10-06","OLLA",0.0000000000000000e+00,"2007-10-06","OLLA"
196,"HBF","HBF WOMAN",2.5000000000000000e+03,2.3320000000000002e+02,"2007-10-06","OLLA",0.0000000000000000e+00,"2007-10-06","OLLA"
197,"EMD","EMD WOMAN",2.5000000000000000e+03,2.4500000000000000e+02,"2007-10-06","OLLA",0.0000000000000000e+00,"2007-10-06","OLLA"
198,"PDS","PDS WOMAN",2.5000000000000000e+03,2.5480000000000001e+02,"2007-10-25","OLLA",0.0000000000000000e+00,"2007-10-25","OLLA"
199,"CKE","CKE U",2.0000000000000000e+03,2.0800000000000000e+02,"2007-10-25","OLLA",0.0000000000000000e+00,"2007-10-25","OLLA"
200,"PST","PST MAN",2.0000000000000000e+03,2.7900000000000000e+02,"2007-11-25","OLLA",0.0000000000000000e+00,"2007-11-25","OLLA"
201,"BXSW","BXSW WOMAN",2.0000000000000000e+03,2.4600000000000000e+02,"2007-12-13","YUNI",0.0000000000000000e+00,"2007-12-13","YUNI"
202,"LBM","LB MAN",2.0000000000000000e+03,2.5500000000000000e+02,"2007-12-13","YUNI",0.0000000000000000e+00,"2007-12-13","YUNI"
203,"FMC","FMC WOMAN",2.5000000000000000e+03,2.2700000000000000e+02,"2007-12-13","YUNI",0.0000000000000000e+00,"2007-12-13","YUNI"
204,"STG","STG WOMAN",2.0000000000000000e+03,1.7600000000000000e+02,"2007-12-13","YUNI",0.0000000000000000e+00,"2007-12-13","YUNI"
205,"PWL","PWL WOMAN",2.0000000000000000e+03,1.2050000000000000e+02,"2007-12-13","YUNI",0.0000000000000000e+00,"2007-12-13","YUNI"
206,"TVW","TVW WOMAN",3.0000000000000000e+03,2.4700000000000000e+02,"2007-12-15","YUNI",0.0000000000000000e+00,"2007-12-15","YUNI"
207,"MCW","MCW WOMAN",3.0000000000000000e+03,2.0009999999999997e+02,"2008-01-21","YUNI",0.0000000000000000e+00,"2008-01-21","YUNI"
208,"MCM","MCM MAN",2.5000000000000000e+03,1.7279999999999995e+02,"2008-01-21","YUNI",0.0000000000000000e+00,"2008-01-21","YUNI"
209,"BXX","BXX WOMAN",2.5000000000000000e+03,3.0000000000000000e+02,"2008-02-04","YUNI",0.0000000000000000e+00,"2008-02-04","YUNI"
210,"BXY","BXY MAN",2.5000000000000000e+03,2.6400000000000000e+02,"2008-02-04","YUNI",0.0000000000000000e+00,"2008-02-04","YUNI"
211,"I2UW","I2U WOMAN",2.5000000000000000e+03,1.3480000000000001e+02,"2008-02-26","OLLA",0.0000000000000000e+00,"2008-02-26","OLLA"
212,"I2UM","I2U MAN",2.0000000000000000e+03,2.3700000000000000e+02,"2008-02-26","OLLA",0.0000000000000000e+00,"2008-02-26","OLLA"
213,"FNF","FNF MAN",2.5000000000000000e+03,2.3500000000000000e+02,"2008-02-26","OLLA",0.0000000000000000e+00,"2008-02-26","OLLA"
214,"KTY","KTY MAN",2.0000000000000000e+03,2.0000000000000000e+02,"2008-02-26","OLLA",0.0000000000000000e+00,"2008-02-26","OLLA"
215,"WHT","WHT MAN",2.0000000000000000e+03,2.0500000000000000e+02,"2008-03-04","YUNI",0.0000000000000000e+00,"2008-03-04","YUNI"
216,"SPL","SPL MAN",2.0000000000000000e+03,3.0000000000000000e+02,"2008-03-04","YUNI",0.0000000000000000e+00,"2008-03-04","YUNI"
217,"GSM","GSM MAN",2.5000000000000000e+03,1.7500000000000000e+02,"2008-03-04","YUNI",0.0000000000000000e+00,"2008-03-04","YUNI"
218,"BJR","BJR WOMAN",2.5000000000000000e+03,1.7100000000000000e+02,"2008-03-04","YUNI",0.0000000000000000e+00,"2008-03-04","YUNI"
219,"BUW","BUW WOMAN",2.5000000000000000e+03,2.6200000000000000e+02,"2008-03-04","YUNI",0.0000000000000000e+00,"2008-03-04","YUNI"
220,"YLE","YLE WOMAN",2.0000000000000000e+03,2.8500000000000000e+02,"2008-03-04","YUNI",0.0000000000000000e+00,"2008-03-04","YUNI"
221,"GSW","GSW WOMAN",2.5000000000000000e+03,2.9200000000000000e+02,"2008-03-04","YUNI",0.0000000000000000e+00,"2008-03-04","YUNI"
233,"RDO","RDO MAN",2.5000000000000000e+03,2.3819999999999999e+02,"2008-05-14","OLLA",0.0000000000000000e+00,"2008-05-14","OLLA"
234,"AMT","AMT WOMAN",2.5000000000000000e+03,2.2240000000000001e+02,"2008-07-03","YUNI",0.0000000000000000e+00,"2008-07-03","YUNI"
235,"MSP","MSP WOMAN",2.5000000000000000e+03,2.1880000000000001e+02,"2008-07-03","YUNI",0.0000000000000000e+00,"2008-07-03","YUNI"
236,"ESS","ESS WOMAN",2.0000000000000000e+03,2.1650000000000000e+02,"2008-07-03","YUNI",0.0000000000000000e+00,"2008-07-03","YUNI"
237,"CHW ","CHW WOMWN",2.5000000000000000e+03,2.5900000000000000e+02,"2008-08-02","YUNI",0.0000000000000000e+00,"2008-08-02","YUNI"
238,"DSO","DSO WOMWN",2.0000000000000000e+03,2.6750000000000000e+02,"2008-08-02","YUNI",0.0000000000000000e+00,"2008-08-02","YUNI"
239,"CIM","CIM MAN",2.0000000000000000e+03,2.5000000000000000e+02,"2008-08-16","OLLA",0.0000000000000000e+00,"2008-08-16","OLLA"
240,"MSM","MSM MAN",2.0000000000000000e+03,1.9500000000000000e+02,"2008-08-16","OLLA",0.0000000000000000e+00,"2008-08-16","OLLA"
241,"DLD","DLD MAN",2.0000000000000000e+03,2.5200000000000000e+02,"2008-08-16","OLLA",0.0000000000000000e+00,"2008-08-16","OLLA"
243,"ICH","ICH WOMEN",2.0000000000000000e+03,2.1700000000000000e+02,"2008-11-06","YUNI",0.0000000000000000e+00,"2008-11-06","YUNI"
244,"JPG","JPG",2.5000000000000000e+03,2.5000000000000000e+02,"2008-11-06","YUNI",0.0000000000000000e+00,"2008-11-06","YUNI"
245,"PUR","PUR MAN",2.0000000000000000e+03,1.8900000000000000e+02,"2008-11-06","YUNI",0.0000000000000000e+00,"2008-11-06","YUNI"
246,"CHS","CHS WOMAN",2.0000000000000000e+03,2.4400000000000000e+02,"2008-11-18","YUNI",0.0000000000000000e+00,"2008-11-18","YUNI"
247,"CAN","PHW CAN WOMAN",2.5000000000000000e+03,2.6850000000000000e+02,"2008-11-18","YUNI",0.0000000000000000e+00,"2008-11-18","YUNI"
248,"FTM","FTM WOMAN",2.5000000000000000e+03,3.0000000000000000e+02,"2008-12-24","YUNI",0.0000000000000000e+00,"2008-12-24","YUNI"
249,"BAM","BAM U",2.5000000000000000e+03,4.3439999999999998e+02,"2014-09-30","YUNI",2.7300000000000000e+02,"2008-12-24","YUNI"
250,"SKW","SKW MAN",2.5000000000000000e+03,1.8080000000000001e+02,"2009-02-01","OLLA",0.0000000000000000e+00,"2009-02-01","OLLA"
251,"232","232 MAN",2.5000000000000000e+03,1.9700000000000000e+02,"2009-02-01","OLLA",0.0000000000000000e+00,"2009-02-01","OLLA"
252,"ADS","ADS MAN",2.0000000000000000e+03,2.7000000000000000e+02,"2009-02-01","OLLA",0.0000000000000000e+00,"2009-02-01","OLLA"
253,"SWT","SWT WOMAN",2.5000000000000000e+03,2.2480000000000001e+02,"2009-02-01","OLLA",0.0000000000000000e+00,"2009-02-01","OLLA"
254,"BVJ","BVJ WOMAN",2.0000000000000000e+03,2.7900000000000000e+02,"2009-02-01","OLLA",0.0000000000000000e+00,"2009-02-01","OLLA"
255,"FDM","FDM MAN",2.5000000000000000e+03,3.0000000000000000e+02,"2009-03-18","OLLA",0.0000000000000000e+00,"2009-03-18","OLLA"
256,"FDW","FD WOMEN",2.5000000000000000e+03,2.2300000000000000e+02,"2009-03-18","OLLA",0.0000000000000000e+00,"2009-03-18","OLLA"
257,"DOP","DOP WOMEN",2.0000000000000000e+03,2.3000000000000000e+02,"2009-03-28","YUNI",0.0000000000000000e+00,"2009-03-28","YUNI"
258,"PWR","PWR MAN",2.5000000000000000e+03,3.0000000000000000e+02,"2009-03-28","YUNI",0.0000000000000000e+00,"2009-03-28","YUNI"
259,"ADV","ADV MAN",2.5000000000000000e+03,2.2600000000000000e+02,"2009-03-29","YUNI",0.0000000000000000e+00,"2009-03-29","YUNI"
260,"OCS","OCS WOMEN",2.5000000000000000e+03,2.3079999999999998e+02,"2009-05-06","OLLA",0.0000000000000000e+00,"2009-05-06","OLLA"
261,"AHD","AHD WOMEN",2.5000000000000000e+03,4.0560000000000002e+02,"2009-05-09","YUNI",0.0000000000000000e+00,"2009-05-09","YUNI"
262,"OBC","OBC WOMEN",2.5000000000000000e+03,3.0180000000000001e+02,"2009-05-09","YUNI",0.0000000000000000e+00,"2009-05-09","YUNI"
263,"EXTO","EXTO",2.5000000000000000e+03,3.6000000000000000e+02,"2009-05-29","OLLA",0.0000000000000000e+00,"2009-05-29","OLLA"
264,"STLVL","STLVL",2.0000000000000000e+03,0.0000000000000000e+00,"2009-06-03","YUNI",0.0000000000000000e+00,"2009-06-03","YUNI"
265,"DLR","DLR WOMAN",2.5000000000000000e+03,2.8500000000000000e+02,"2009-06-29",,0.0000000000000000e+00,"2009-06-29",
266,"HRJ","HRJ WOMEN",2.5000000000000000e+03,1.8000000000000000e+02,"2009-08-08",,0.0000000000000000e+00,"2009-08-08",
267,"FEX","FEX MAN",2.5000000000000000e+03,3.0000000000000000e+02,"2009-09-01",,0.0000000000000000e+00,"2009-09-01",
268,"OCL","OCL WOMEN",2.5000000000000000e+03,1.6100000000000000e+02,"2009-09-04",,0.0000000000000000e+00,"2009-09-04",
269,"FOF","FOF WOMEN",2.5000000000000000e+03,2.7600000000000000e+02,"2009-09-15",,0.0000000000000000e+00,"2009-09-15",
270,"HKT","HKT WOMEN",2.5000000000000000e+03,2.4000000000000000e+02,"2009-09-15",,0.0000000000000000e+00,"2009-09-15",
271,"CHO","CHO U",2.0000000000000000e+03,1.8400000000000000e+02,"2009-09-15",,0.0000000000000000e+00,"2009-09-15",
272,"PLT","PLT WOMEN",2.5000000000000000e+03,3.7400000000000000e+02,"2009-09-15",,0.0000000000000000e+00,"2009-09-15",
273,"BEL","BEL MAN",2.5000000000000000e+03,2.7000000000000000e+02,"2009-10-06",,0.0000000000000000e+00,"2009-10-06",
274,"KBL","KBL WOMEN",2.5000000000000000e+03,1.5119999999999999e+02,"2009-10-06",,0.0000000000000000e+00,"2009-10-06",
275,"DBC","DBC",2.0000000000000000e+03,2.6800000000000000e+02,"2009-10-14",,0.0000000000000000e+00,"2009-10-14",
276,"BOR","BOR ORANGE",2.0000000000000000e+03,3.0000000000000000e+02,"2009-10-15",,0.0000000000000000e+00,"2009-10-15",
277,"SIG-F","SIG-F WOMAN",2.5000000000000000e+03,2.7100000000000000e+02,"2009-11-13","YUNI",0.0000000000000000e+00,"2009-11-13","YUNI"
278,"BIT","BIT WOMAN",2.5000000000000000e+03,2.7550000000000000e+02,"2009-11-13","YUNI",0.0000000000000000e+00,"2009-11-13","YUNI"
279,"CLG","CLG MAN",2.5000000000000000e+03,1.5100000000000000e+02,"2009-11-16","OLLA",0.0000000000000000e+00,"2009-11-16","OLLA"
280,"GRP","GRP OTHERS",2.0000000000000000e+03,4.5000000000000000e+00,"2009-12-07","YUNI",0.0000000000000000e+00,"2009-12-07","YUNI"
281,"PNP","PNP OTHERS",2.0000000000000000e+03,0.0000000000000000e+00,"2009-12-07","YUNI",0.0000000000000000e+00,"2009-12-07","YUNI"
282,"BKR","BKR OTHERS",2.0000000000000000e+03,1.0200000000000000e+02,"2009-12-07","YUNI",0.0000000000000000e+00,"2009-12-07","YUNI"
283,"CPN","CPN OTHERS",2.0000000000000000e+03,7.3500000000000000e+01,"2009-12-07","YUNI",0.0000000000000000e+00,"2009-12-07","YUNI"
284,"BBR","BBR WOMAN",2.5000000000000000e+03,2.7000000000000000e+02,"2009-12-11","YUNI",0.0000000000000000e+00,"2009-12-11","YUNI"
285,"STN","STN MAN",2.5000000000000000e+03,2.2100000000000000e+02,"2009-12-20","YUNI",0.0000000000000000e+00,"2009-12-20","YUNI"
286,"HRS","HRS WOMAN",2.5000000000000000e+03,1.8400000000000000e+02,"2009-12-20","YUNI",0.0000000000000000e+00,"2009-12-20","YUNI"
287,"BDT","BDT MAN",2.5000000000000000e+03,3.5359999999999997e+02,"2009-12-26","YUNI",0.0000000000000000e+00,"2009-12-26","YUNI"
288,"PWO","PWO WOMAN",2.5000000000000000e+03,2.9000000000000000e+02,"2010-01-13","YUNI",0.0000000000000000e+00,"2010-01-13","YUNI"
289,"CBL","CBL WOMAN",2.5000000000000000e+03,2.5000000000000000e+02,"2010-01-13","YUNI",0.0000000000000000e+00,"2010-01-13","YUNI"
290,"NIN","NIN WOMAN",2.5000000000000000e+03,1.6600000000000000e+02,"2010-01-23","YUNI",0.0000000000000000e+00,"2010-01-23","YUNI"
291,"SAM","SAM MAN",2.5000000000000000e+03,2.3240000000000001e+02,"2010-01-27","YUNI",0.0000000000000000e+00,"2010-01-27","YUNI"
292,"RS-1","RS-1 WOMAN",2.5000000000000000e+03,1.6000000000000000e+02,"2010-02-13","OLLA",0.0000000000000000e+00,"2010-02-13","OLLA"
293,"PNT","PNT WOMAN",2.0000000000000000e+03,3.7850000000000000e+02,"2010-02-15","YUNI",0.0000000000000000e+00,"2010-02-15","YUNI"
294,"CGR","CGR MAN",2.0000000000000000e+03,2.5000000000000000e+02,"2010-03-01","YUNI",0.0000000000000000e+00,"2010-03-01","YUNI"
295,"MGC","MGC WOMAN",2.5000000000000000e+03,2.5500000000000000e+02,"2010-03-01","YUNI",0.0000000000000000e+00,"2010-03-01","YUNI"
296,"FDU","FDU WOMAN",2.0000000000000000e+03,1.2150000000000000e+02,"2010-03-01","YUNI",0.0000000000000000e+00,"2010-03-01","YUNI"
297,"SCT","SCT WOMAN",2.5000000000000000e+03,4.4800000000000000e+02,"2010-04-12","YUNI",0.0000000000000000e+00,"2010-04-12","YUNI"
298,"PLM","PLM MAN",3.0000000000000000e+03,2.5000000000000000e+02,"2010-05-03","YUNI",0.0000000000000000e+00,"2010-05-03","YUNI"
299,"BIC","BIC MAN",3.0000000000000000e+03,2.9259999999999997e+02,"2010-05-11","OLLA",0.0000000000000000e+00,"2010-05-11","OLLA"
300,"ICS","ICS WOMAN",2.5000000000000000e+03,2.2600000000000000e+02,"2010-05-11","OLLA",0.0000000000000000e+00,"2010-05-11","OLLA"
301,"SDN","SDN WOMEN",2.5000000000000000e+03,3.5960000000000002e+02,"2010-06-01","YUNI",0.0000000000000000e+00,"2010-06-01","YUNI"
302,"CAP","CAP WOMAN",2.0000000000000000e+03,1.6900000000000000e+02,"2010-07-21","YUNI",0.0000000000000000e+00,"2010-07-21","YUNI"
303,"MLB","MLB WOMAN",2.0000000000000000e+03,1.9150000000000000e+02,"2010-07-21","YUNI",0.0000000000000000e+00,"2010-07-21","YUNI"
304,"JOP","JOOP MAN",2.0000000000000000e+03,2.5000000000000000e+02,"2010-07-21","YUNI",0.0000000000000000e+00,"2010-07-21","YUNI"
305,"MU","MU MAN",2.0000000000000000e+03,2.5000000000000000e+02,"2010-07-21","YUNI",0.0000000000000000e+00,"2010-07-21","YUNI"
306,"AD II","AD II WOMAN",2.0000000000000000e+03,2.9550000000000000e+02,"2010-09-05","OLLA",0.0000000000000000e+00,"2010-09-05","OLLA"
307,"NYC","NYC WOMAN",2.5000000000000000e+03,4.9000000000000000e+02,"2010-09-05","OLLA",0.0000000000000000e+00,"2010-09-05","OLLA"
308,"OLA","OLA WOMAN",2.5000000000000000e+03,4.9000000000000000e+02,"2010-09-30","OLLA",0.0000000000000000e+00,"2010-09-30","OLLA"
309,"BBM","BBM WOMAN",2.0000000000000000e+03,2.0200000000000000e+02,"2010-09-30","OLLA",0.0000000000000000e+00,"2010-09-30","OLLA"
310,"LGW","LGW WOMAN",2.5000000000000000e+03,4.6100000000000000e+02,"2010-10-18","YUNI",0.0000000000000000e+00,"2010-10-18","YUNI"
311,"GTE","GTE WOMAN",2.5000000000000000e+03,3.0600000000000000e+02,"2010-10-18","YUNI",0.0000000000000000e+00,"2010-10-18","YUNI"
312,"BSW","BSW WOMAN",2.5000000000000000e+03,1.8839999999999998e+02,"2010-11-10","OLLA",0.0000000000000000e+00,"2010-11-10","OLLA"
313,"ADG","ADG WOMAN",3.0000000000000000e+03,2.3800000000000000e+02,"2010-11-10","OLLA",0.0000000000000000e+00,"2010-11-10","OLLA"
314,"IPM","IPM WOMAN",2.5000000000000000e+03,4.1500000000000000e+02,"2010-12-02","YUNI",0.0000000000000000e+00,"2010-12-02","YUNI"
315,"FBR","FBR WOMAN",2.5000000000000000e+03,3.6839999999999998e+02,"2010-12-02","YUNI",0.0000000000000000e+00,"2010-12-02","YUNI"
316,"SRN","SRN WOMAN",2.5000000000000000e+03,5.0000000000000000e+02,"2010-12-02","YUNI",0.0000000000000000e+00,"2010-12-02","YUNI"
317,"BTM","BTM WOMAN",2.5000000000000000e+03,2.6239999999999998e+02,"2010-12-02","YUNI",0.0000000000000000e+00,"2010-12-02","YUNI"
318,"DMN","DMN WOMAN",2.5000000000000000e+03,2.8409999999999997e+02,"2011-01-20","OLLA",0.0000000000000000e+00,"2011-01-20","OLLA"
319,"BSP","BSP MAN",3.0000000000000000e+03,1.7200000000000000e+02,"2011-01-29","YUNI",0.0000000000000000e+00,"2011-01-29","YUNI"
320,"SMR","SMR WOMAN",2.5000000000000000e+03,1.9400000000000000e+02,"2011-02-02","OLLA",0.0000000000000000e+00,"2011-02-02","OLLA"
321,"TCC","TCC WOMAN",2.5000000000000000e+03,2.0800000000000000e+02,"2011-04-16","YUNI",0.0000000000000000e+00,"2011-04-16","YUNI"
322,"QSR","QSR WOMAN",2.0000000000000000e+03,1.2600000000000000e+02,"2011-04-16","YUNI",0.0000000000000000e+00,"2011-04-16","YUNI"
323,"GSS","GSS WOMAN",2.5000000000000000e+03,8.9000000000000000e+01,"2011-04-16","YUNI",0.0000000000000000e+00,"2011-04-16","YUNI"
325,"LOP","LOP WOMEN",2.0000000000000000e+03,2.0800000000000000e+02,"2011-05-30","OLLA",0.0000000000000000e+00,"2011-05-30","OLLA"
326,"BSL","BSL WOMAN",2.5000000000000000e+03,5.0000000000000000e+02,"2011-06-18","OLLA",0.0000000000000000e+00,"2011-06-18","OLLA"
327,"PLY","PLY WOMAN",2.0000000000000000e+03,4.5200000000000000e+02,"2011-06-18","OLLA",0.0000000000000000e+00,"2011-06-18","OLLA"
328,"ZHR","ZHR WOMAN",2.0000000000000000e+03,1.9050000000000000e+02,"2011-07-06","OLLA",0.0000000000000000e+00,"2011-07-06","OLLA"
329,"LF","LF WOMAN",2.0000000000000000e+03,2.5000000000000000e+02,"2011-07-06","OLLA",0.0000000000000000e+00,"2011-07-06","OLLA"
330,"FAR","FAR WOMAN",2.5000000000000000e+03,1.7900000000000000e+02,"2011-07-06","OLLA",0.0000000000000000e+00,"2011-07-06","OLLA"
331,"TMO","TMO WOMAN",2.0000000000000000e+03,1.8600000000000000e+02,"2011-07-06","OLLA",0.0000000000000000e+00,"2011-07-06","OLLA"
332,"WST","WST MAN",2.0000000000000000e+03,1.8100000000000000e+02,"2011-07-06","OLLA",0.0000000000000000e+00,"2011-07-06","OLLA"
333,"THO","THO MAN",2.0000000000000000e+03,2.1400000000000000e+02,"2011-07-06","OLLA",0.0000000000000000e+00,"2011-07-06","OLLA"
334,"SLV","SLV WOMAN",2.5000000000000000e+03,2.2600000000000000e+02,"2011-07-26","OLLA",0.0000000000000000e+00,"2011-07-26","OLLA"
335,"GLT-M","GLT MAN",2.5000000000000000e+03,2.2600000000000000e+02,"2011-08-16","YUNI",0.0000000000000000e+00,"2011-08-16","YUNI"
336,"MGS","MGS UNISEX",2.0000000000000000e+03,1.6600000000000000e+02,"2011-08-16","YUNI",0.0000000000000000e+00,"2011-08-16","YUNI"
337,"SML","SML WOMAN",3.0000000000000000e+03,1.7450000000000000e+02,"2011-08-27","OLLA",0.0000000000000000e+00,"2011-08-27","OLLA"
402,"GLT","GLT WOMEN",3.0000000000000000e+03,3.0000000000000000e+02,"2015-09-13","OLLA",0.0000000000000000e+00,"2015-09-13","OLLA"
338,"LLT","LLT WOMAN",2.5000000000000000e+02,0.0000000000000000e+00,"2011-10-15","YUNI",0.0000000000000000e+00,"2011-10-15","YUNI"
339,"FDC","FDC WOMAN",2.5000000000000000e+03,1.9800000000000000e+02,"2011-10-15","YUNI",0.0000000000000000e+00,"2011-10-15","YUNI"
340,"VIP","VIP WOMAN",2.5000000000000000e+03,2.2200000000000000e+02,"2011-10-15","YUNI",0.0000000000000000e+00,"2011-10-15","YUNI"
341,"SCL","SCL WOMAN",2.5000000000000000e+03,1.6600000000000000e+02,"2011-10-15","YUNI",0.0000000000000000e+00,"2011-10-15","YUNI"
342,"LFH","LFH MAN",2.5000000000000000e+03,2.5000000000000000e+02,"2011-10-15","YUNI",0.0000000000000000e+00,"2011-10-15","YUNI"
343,"LLT W","LLT WOMAN",2.5000000000000000e+03,2.0519999999999999e+02,"2011-10-19","YUNI",0.0000000000000000e+00,"2011-10-19","YUNI"
344,"AVR ","AVR WOMAN",2.5000000000000000e+03,5.2000000000000000e+02,"2012-01-14","YUNI",0.0000000000000000e+00,"2012-01-14","YUNI"
345,"JST","JST WOMAN",2.5000000000000000e+03,4.6500000000000000e+02,"2012-01-14","YUNI",0.0000000000000000e+00,"2012-01-14","YUNI"
346,"BVL","BVL MAN",3.0000000000000000e+03,1.2769999999999999e+02,"2012-01-31","OLLA",0.0000000000000000e+00,"2012-01-31","OLLA"
347,"RON","RON MAN",2.5000000000000000e+03,2.3000000000000000e+02,"2012-03-16","OLLA",0.0000000000000000e+00,"2012-03-16","OLLA"
348,"SOC","SOC WOMAN",2.5000000000000000e+03,1.6500000000000000e+02,"2012-03-26","YUNI",0.0000000000000000e+00,"2012-03-26","YUNI"
349,"1KB","1KB UNISEX",4.0000000000000000e+03,7.2000000000000000e+01,"2012-03-26","YUNI",0.0000000000000000e+00,"2012-03-26","YUNI"
350,"MPT","MPT OTHER",4.0000000000000000e+03,9.2000000000000000e+01,"2012-04-03","OLLA",0.0000000000000000e+00,"2012-04-03","OLLA"
351,"JFM","JFM OTHER",4.0000000000000000e+03,1.0000000000000000e+02,"2012-04-03","OLLA",0.0000000000000000e+00,"2012-04-03","OLLA"
352,"HTR","HTR WOMAN",2.5000000000000000e+03,1.6600000000000000e+02,"2012-07-04","OLLA",0.0000000000000000e+00,"2012-07-04","OLLA"
353,"SKM","SKM MAN",2.5000000000000000e+03,2.0800000000000000e+02,"2012-07-04","OLLA",0.0000000000000000e+00,"2012-07-04","OLLA"
354,"BCN","BCN WOMAN",2.5000000000000000e+03,2.2900000000000000e+02,"2012-07-04","OLLA",0.0000000000000000e+00,"2012-07-04","OLLA"
355,"FLR","FLR WOMAN",2.5000000000000000e+03,2.2300000000000000e+02,"2012-07-04","OLLA",0.0000000000000000e+00,"2012-07-04","OLLA"
356,"VSB","VSB WOMAN",2.5000000000000000e+03,1.2900000000000000e+02,"2012-07-04","OLLA",0.0000000000000000e+00,"2012-07-04","OLLA"
357,"SPT","SPT MAN",2.5000000000000000e+03,1.1980000000000001e+02,"2012-07-04","OLLA",0.0000000000000000e+00,"2012-07-04","OLLA"
358,"ARG","ARG WOMAN",2.5000000000000000e+03,3.8939999999999998e+02,"2012-08-06","OLLA",0.0000000000000000e+00,"2012-08-06","OLLA"
359,"ABL","ABL UNISEX",2.0000000000000000e+03,2.3500000000000000e+02,"2012-08-10","YUNI",0.0000000000000000e+00,"2012-08-10","YUNI"
360,"NAF","NAF WOMAN",2.5000000000000000e+03,4.0880000000000001e+02,"2012-09-08","OLLA",0.0000000000000000e+00,"2012-09-08","OLLA"
361,"OCT","OCT WOMAN",2.5000000000000000e+03,5.0000000000000000e+02,"2012-10-13","OLLA",0.0000000000000000e+00,"2012-10-13","OLLA"
362,"CLEO","CLEO WOMAN",2.5000000000000000e+03,3.9300000000000000e+02,"2012-12-11","YUNI",0.0000000000000000e+00,"2012-12-11","YUNI"
363,"LCR","LCR MAN",2.0000000000000000e+03,3.6250000000000000e+02,"2012-12-11","YUNI",0.0000000000000000e+00,"2012-12-11","YUNI"
364,"AZH","AZH MAN",2.0000000000000000e+03,1.7700000000000000e+02,"2012-12-22","OLLA",0.0000000000000000e+00,"2012-12-22","OLLA"
365,"WDR","WDR WOMAN",2.5000000000000000e+03,2.5000000000000000e+02,"2012-12-22","OLLA",0.0000000000000000e+00,"2012-12-22","OLLA"
366,"PPR","PPR WOMAN",2.5000000000000000e+03,3.0000000000000000e+02,"2012-12-22","OLLA",0.0000000000000000e+00,"2012-12-22","OLLA"
367,"BP-4","BP-4 WOMAN",2.0000000000000000e+03,1.8900000000000000e+02,"2012-12-22","OLLA",0.0000000000000000e+00,"2012-12-22","OLLA"
368,"ISS","ISS MAN",2.5000000000000000e+03,1.6600000000000000e+02,"2012-12-22","OLLA",0.0000000000000000e+00,"2012-12-22","OLLA"
369,"MSB","MSB U",4.0000000000000000e+03,9.5000000000000000e+01,"2013-01-08","OLLA",0.0000000000000000e+00,"2013-01-08","OLLA"
370,"LGG","LGG WOMAN",2.5000000000000000e+03,1.5500000000000000e+02,"2013-02-06","YUNI",0.0000000000000000e+00,"2013-02-06","YUNI"
371,"LIS","LIS WOMAN",2.5000000000000000e+03,2.2600000000000000e+02,"2013-02-14","OLLA",0.0000000000000000e+00,"2013-02-14","OLLA"
372,"BTP","BTP WOMAN",2.5000000000000000e+03,2.2600000000000000e+02,"2013-04-05","OLLA",0.0000000000000000e+00,"2013-04-05","OLLA"
373,"ESE","ESE MAN",2.5000000000000000e+03,2.5000000000000000e+02,"2013-04-05","OLLA",0.0000000000000000e+00,"2013-04-05","OLLA"
374,"CEN","CEN UNISEX",4.0000000000000000e+03,1.8200000000000000e+02,"2013-04-19","OLLA",0.0000000000000000e+00,"2013-04-19","OLLA"
375,"HON","HON WOMAN",3.0000000000000000e+03,3.0000000000000000e+02,"2013-04-24","YUNI",0.0000000000000000e+00,"2013-04-24","YUNI"
376,"BON","BON MAN",2.5000000000000000e+03,1.6480000000000001e+02,"2013-07-01","OLLA",0.0000000000000000e+00,"2013-07-01","OLLA"
377,"KST","KST UNISEX",4.0000000000000000e+03,8.8000000000000000e+01,"2013-07-28","YUNI",0.0000000000000000e+00,"2013-07-28","YUNI"
378,"SGM","SGM WOMAN",2.5000000000000000e+03,2.4000000000000000e+02,"2013-08-06","OLLA",0.0000000000000000e+00,"2013-08-06","OLLA"
379,"DOV","DOV UNISEX",2.0000000000000000e+03,2.3500000000000000e+02,"2013-08-26","OLLA",0.0000000000000000e+00,"2013-08-26","OLLA"
380,"WAN","WAN MAN",2.0000000000000000e+03,1.7700000000000000e+02,"2013-12-11","YUNI",0.0000000000000000e+00,"2013-12-11","YUNI"
381,"HBR","HBR MAN",2.5000000000000000e+03,3.1400000000000000e+02,"2014-01-18","YUNI",0.0000000000000000e+00,"2014-01-18","YUNI"
382,"LIH","LIH WOMAN",2.5000000000000000e+03,4.7600000000000000e+02,"2014-01-18","YUNI",0.0000000000000000e+00,"2014-01-18","YUNI"
383,"FLM","FLM WOMAN",2.5000000000000000e+03,3.0059999999999997e+02,"2014-01-18","YUNI",0.0000000000000000e+00,"2014-01-18","YUNI"
384,"NRP","NRP WOMAN",2.5000000000000000e+03,2.0800000000000000e+02,"2014-03-10","YUNI",0.0000000000000000e+00,"2014-03-10","YUNI"
385,"ZOR","ZOR MAN",2.5000000000000000e+03,2.5000000000000000e+02,"2014-03-10","YUNI",0.0000000000000000e+00,"2014-03-10","YUNI"
386,"DRL","DRL WOMAN",2.5000000000000000e+03,4.6400000000000000e+02,"2014-03-30","OLLA",0.0000000000000000e+00,"2014-03-30","OLLA"
387,"PRS","PRS WOMAN",2.5000000000000000e+03,7.1700000000000000e+02,"2014-03-30","OLLA",0.0000000000000000e+00,"2014-03-30","OLLA"
388,"AMO","AMO WOMAN",2.5000000000000000e+03,3.3100000000000000e+02,"2014-04-10","YUNI",0.0000000000000000e+00,"2014-04-10","YUNI"
389,"DIR","DIR WOMAN",2.5000000000000000e+03,4.5000000000000000e+02,"2014-05-03","YUNI",0.0000000000000000e+00,"2014-05-03","YUNI"
390,"AIR","AIR WOMAN",2.5000000000000000e+03,4.1939999999999998e+02,"2014-05-27","OLLA",0.0000000000000000e+00,"2014-05-27","OLLA"
391,"KEY","KEY WOMAN",2.5000000000000000e+03,3.3879999999999995e+02,"2014-05-27","OLLA",0.0000000000000000e+00,"2014-05-27","OLLA"
392,"AWL","AWL WOMAN",2.5000000000000000e+03,4.6639999999999998e+02,"2014-08-23","OLLA",0.0000000000000000e+00,"2014-08-23","OLLA"
393,"HOM","HOM WOMAN",2.5000000000000000e+03,4.6000000000000000e+02,"2014-08-23","OLLA",0.0000000000000000e+00,"2014-08-23","OLLA"
394,"JOL","JOL WOMAN",2.5000000000000000e+03,4.6800000000000000e+02,"2014-09-10","OLLA",0.0000000000000000e+00,"2014-09-10","OLLA"
395,"AST","AST WOMAN",2.5000000000000000e+03,4.4900000000000000e+02,"2014-09-10","OLLA",0.0000000000000000e+00,"2014-09-10","OLLA"
396,"ONE","ONE WOMAN",2.5000000000000000e+03,4.5800000000000000e+02,"2015-01-15","OLLA",0.0000000000000000e+00,"2015-01-15","OLLA"
397,"VIC","VIC WOMAN",2.5000000000000000e+03,3.9400000000000000e+02,"2015-01-15","OLLA",0.0000000000000000e+00,"2015-01-15","OLLA"
398,"GES","GES WOMAN",2.5000000000000000e+03,5.0000000000000000e+02,"2015-03-19","YUNI",0.0000000000000000e+00,"2015-03-19","YUNI"
399,"RES","RES WOMAN",2.5000000000000000e+03,4.8400000000000000e+02,"2015-04-16","OLLA",0.0000000000000000e+00,"2015-04-16","OLLA"
400,"BKM","BKM MAN",2.5000000000000000e+03,5.0000000000000000e+02,"2015-05-27","OLLA",0.0000000000000000e+00,"2015-05-27","OLLA"
401,"PSG","PSG MAN",2.5000000000000000e+03,4.0000000000000000e+02,"2015-06-26","OLLA",0.0000000000000000e+00,"2015-06-26","OLLA"
404,"DDB ","DDB ",2.5000000000000000e+03,2.5120000000000005e+02,"2015-12-24","OLLA",0.0000000000000000e+00,"2015-12-24","OLLA"
406,"JMM","JMM MAN",3.5000000000000000e+03,4.1360000000000002e+02,"2016-01-28","OLLA",0.0000000000000000e+00,"2016-01-28","OLLA"
407,"BME","BME MAN",2.5000000000000000e+03,2.0100000000000000e+02,"2016-02-06","OLLA",0.0000000000000000e+00,"2016-02-06","OLLA"
408,"KOP","KOPI",2.0000000000000000e+03,1.0250000000000000e+02,"2016-04-13","OLLA",0.0000000000000000e+00,"2016-04-13","OLLA"
410,"TDR ","TDR WOMAN",3.5000000000000000e+03,2.1839999999999998e+02,"2016-05-14","OLLA",0.0000000000000000e+00,"2016-05-14","OLLA"
411,"QEN","QEN WOMAN",2.5000000000000000e+03,4.6839999999999998e+02,"2016-05-21","YUNI",0.0000000000000000e+00,"2016-05-21","YUNI"
412,"JPT","JPT WOMAN",2.5000000000000000e+03,1.5419999999999999e+02,"2016-05-30","YUNI",0.0000000000000000e+00,"2016-05-30","YUNI"
413,"ZLA","ZLA MAN",2.5000000000000000e+03,1.1820000000000000e+02,"2016-09-10","YUNI",0.0000000000000000e+00,"2016-09-10","YUNI"
